[{"model": "core.user", "pk": 1, "fields": {"password": "pbkdf2_sha256$120000$jky0hGqVW1zd$v3ygabNUIvuhqfKr6vWQZkZurN2T7Sbu8rKOzCT7gVs=", "last_login": "2019-03-19T13:40:26Z", "is_superuser": true, "email": "adam@adam.pl", "first_name": "Adam", "last_name": "Jurkiewicz", "is_active": true, "is_staff": true, "is_teacher": true, "groups": [], "user_permissions": []}}, {"model": "core.user", "pk": 2, "fields": {"password": "pbkdf2_sha256$120000$ys7ufFYnPGlX$wiCqg13vlXt/A8Jeq6xhd0+hcZd6QPoc8TNpq8jkdEY=", "last_login": "2019-03-18T21:51:16.172Z", "is_superuser": false, "email": "user1@user.pl", "first_name": "", "last_name": "Jurkiewicz", "is_active": true, "is_staff": false, "is_teacher": false, "groups": [], "user_permissions": []}}, {"model": "core.user", "pk": 3, "fields": {"password": "pbkdf2_sha256$120000$Nf7lqSfL7gNL$3WSRnr996laMTEnFjGqvWog9800zLPBfof/QBXtrXck=", "last_login": "2019-03-19T15:12:20Z", "is_superuser": false, "email": "user2@user.pl", "first_name": "Mariusz", "last_name": "Jurkiewicz", "is_active": true, "is_staff": false, "is_teacher": true, "groups": [], "user_permissions": []}}, {"model": "core.examsheet", "pk": 5, "fields": {"owner": 1, "created": "2019-03-20T23:34:33.057Z", "updated": "2019-03-20T23:39:26.076Z", "name": "Exam 1", "total_points": 0, "is_finished": true, "number_of_copies": 2}}, {"model": "core.examsheet", "pk": 6, "fields": {"owner": 1, "created": "2019-03-20T23:53:40.162Z", "updated": "2019-03-20T23:58:32.799Z", "name": "Exam2", "total_points": null, "is_finished": true, "number_of_copies": 2}}, {"model": "core.examsheetforstudent", "pk": 13, "fields": {"owner": 1, "created": "2019-03-20T23:39:26.112Z", "updated": "2019-03-20T23:44:51.137Z", "name": "Exam 1", "total_points": null, "is_finished": true, "student": 1, "exam_sheet_origin": 5}}, {"model": "core.examsheetforstudent", "pk": 14, "fields": {"owner": 1, "created": "2019-03-20T23:39:26.300Z", "updated": "2019-03-20T23:39:26.300Z", "name": "Exam 1", "total_points": null, "is_finished": false, "student": null, "exam_sheet_origin": 5}}, {"model": "core.examsheetforstudent", "pk": 15, "fields": {"owner": 1, "created": "2019-03-20T23:58:32.834Z", "updated": "2019-03-21T00:00:28.792Z", "name": "Exam2", "total_points": null, "is_finished": true, "student": 1, "exam_sheet_origin": 6}}, {"model": "core.examsheetforstudent", "pk": 16, "fields": {"owner": 1, "created": "2019-03-20T23:58:32.955Z", "updated": "2019-03-20T23:58:32.955Z", "name": "Exam2", "total_points": null, "is_finished": false, "student": null, "exam_sheet_origin": 6}}, {"model": "core.answer", "pk": 35, "fields": {"owner": 1, "created": "2019-03-20T23:37:22.670Z", "updated": "2019-03-20T23:37:22.670Z", "answer": "Answer 1", "is_correct": true, "task": 13}}, {"model": "core.answer", "pk": 36, "fields": {"owner": 1, "created": "2019-03-20T23:37:28.339Z", "updated": "2019-03-20T23:37:28.339Z", "answer": "Answer 2", "is_correct": false, "task": 13}}, {"model": "core.answer", "pk": 37, "fields": {"owner": 1, "created": "2019-03-20T23:37:31.645Z", "updated": "2019-03-20T23:37:31.645Z", "answer": "Answer 3", "is_correct": false, "task": 13}}, {"model": "core.answer", "pk": 38, "fields": {"owner": 1, "created": "2019-03-20T23:37:35.688Z", "updated": "2019-03-20T23:37:35.688Z", "answer": "Answer 4", "is_correct": false, "task": 13}}, {"model": "core.answer", "pk": 39, "fields": {"owner": 1, "created": "2019-03-20T23:37:44.180Z", "updated": "2019-03-20T23:37:44.180Z", "answer": "Answer 5", "is_correct": true, "task": 14}}, {"model": "core.answer", "pk": 40, "fields": {"owner": 1, "created": "2019-03-20T23:37:51.214Z", "updated": "2019-03-20T23:38:20.355Z", "answer": "Answer 6", "is_correct": false, "task": 14}}, {"model": "core.answer", "pk": 41, "fields": {"owner": 1, "created": "2019-03-20T23:37:54.290Z", "updated": "2019-03-20T23:38:24.795Z", "answer": "Answer 7", "is_correct": false, "task": 14}}, {"model": "core.answer", "pk": 42, "fields": {"owner": 1, "created": "2019-03-20T23:37:57.478Z", "updated": "2019-03-20T23:38:29.411Z", "answer": "Answer 8", "is_correct": false, "task": 14}}, {"model": "core.answer", "pk": 43, "fields": {"owner": 1, "created": "2019-03-20T23:57:29.505Z", "updated": "2019-03-20T23:57:29.505Z", "answer": "answer 1", "is_correct": true, "task": 17}}, {"model": "core.answer", "pk": 44, "fields": {"owner": 1, "created": "2019-03-20T23:57:33.209Z", "updated": "2019-03-20T23:57:33.209Z", "answer": "answer 2", "is_correct": false, "task": 17}}, {"model": "core.answer", "pk": 45, "fields": {"owner": 1, "created": "2019-03-20T23:57:36.100Z", "updated": "2019-03-20T23:57:36.100Z", "answer": "answer 3", "is_correct": false, "task": 17}}, {"model": "core.answer", "pk": 46, "fields": {"owner": 1, "created": "2019-03-20T23:57:44.733Z", "updated": "2019-03-20T23:57:44.733Z", "answer": "answer 3", "is_correct": true, "task": 18}}, {"model": "core.answer", "pk": 47, "fields": {"owner": 1, "created": "2019-03-20T23:57:49.084Z", "updated": "2019-03-20T23:57:49.084Z", "answer": "answer 4", "is_correct": false, "task": 18}}, {"model": "core.answer", "pk": 48, "fields": {"owner": 1, "created": "2019-03-20T23:57:52.963Z", "updated": "2019-03-20T23:57:52.963Z", "answer": "answer 5", "is_correct": false, "task": 18}}, {"model": "core.answerforstudent", "pk": 139, "fields": {"owner": null, "created": "2019-03-20T23:39:26.157Z", "updated": "2019-03-20T23:39:26.157Z", "answer": "Answer 1", "is_correct": true, "task": 38}}, {"model": "core.answerforstudent", "pk": 140, "fields": {"owner": null, "created": "2019-03-20T23:39:26.178Z", "updated": "2019-03-20T23:39:26.178Z", "answer": "Answer 2", "is_correct": false, "task": 38}}, {"model": "core.answerforstudent", "pk": 141, "fields": {"owner": null, "created": "2019-03-20T23:39:26.190Z", "updated": "2019-03-20T23:39:26.190Z", "answer": "Answer 3", "is_correct": false, "task": 38}}, {"model": "core.answerforstudent", "pk": 142, "fields": {"owner": null, "created": "2019-03-20T23:39:26.201Z", "updated": "2019-03-20T23:39:26.201Z", "answer": "Answer 4", "is_correct": false, "task": 38}}, {"model": "core.answerforstudent", "pk": 143, "fields": {"owner": null, "created": "2019-03-20T23:39:26.224Z", "updated": "2019-03-20T23:39:26.224Z", "answer": "Answer 5", "is_correct": true, "task": 39}}, {"model": "core.answerforstudent", "pk": 144, "fields": {"owner": null, "created": "2019-03-20T23:39:26.234Z", "updated": "2019-03-20T23:39:26.234Z", "answer": "Answer 6", "is_correct": false, "task": 39}}, {"model": "core.answerforstudent", "pk": 145, "fields": {"owner": null, "created": "2019-03-20T23:39:26.245Z", "updated": "2019-03-20T23:39:26.245Z", "answer": "Answer 7", "is_correct": false, "task": 39}}, {"model": "core.answerforstudent", "pk": 146, "fields": {"owner": null, "created": "2019-03-20T23:39:26.256Z", "updated": "2019-03-20T23:39:26.256Z", "answer": "Answer 8", "is_correct": false, "task": 39}}, {"model": "core.answerforstudent", "pk": 147, "fields": {"owner": null, "created": "2019-03-20T23:39:26.323Z", "updated": "2019-03-20T23:39:26.323Z", "answer": "Answer 1", "is_correct": true, "task": 40}}, {"model": "core.answerforstudent", "pk": 148, "fields": {"owner": null, "created": "2019-03-20T23:39:26.334Z", "updated": "2019-03-20T23:39:26.334Z", "answer": "Answer 2", "is_correct": false, "task": 40}}, {"model": "core.answerforstudent", "pk": 149, "fields": {"owner": null, "created": "2019-03-20T23:39:26.345Z", "updated": "2019-03-20T23:39:26.345Z", "answer": "Answer 3", "is_correct": false, "task": 40}}, {"model": "core.answerforstudent", "pk": 150, "fields": {"owner": null, "created": "2019-03-20T23:39:26.356Z", "updated": "2019-03-20T23:39:26.356Z", "answer": "Answer 4", "is_correct": false, "task": 40}}, {"model": "core.answerforstudent", "pk": 151, "fields": {"owner": null, "created": "2019-03-20T23:39:26.380Z", "updated": "2019-03-20T23:39:26.380Z", "answer": "Answer 5", "is_correct": true, "task": 41}}, {"model": "core.answerforstudent", "pk": 152, "fields": {"owner": null, "created": "2019-03-20T23:39:26.389Z", "updated": "2019-03-20T23:39:26.389Z", "answer": "Answer 6", "is_correct": false, "task": 41}}, {"model": "core.answerforstudent", "pk": 153, "fields": {"owner": null, "created": "2019-03-20T23:39:26.400Z", "updated": "2019-03-20T23:39:26.400Z", "answer": "Answer 7", "is_correct": false, "task": 41}}, {"model": "core.answerforstudent", "pk": 154, "fields": {"owner": null, "created": "2019-03-20T23:39:26.412Z", "updated": "2019-03-20T23:39:26.412Z", "answer": "Answer 8", "is_correct": false, "task": 41}}, {"model": "core.answerforstudent", "pk": 155, "fields": {"owner": null, "created": "2019-03-20T23:58:32.857Z", "updated": "2019-03-20T23:58:32.857Z", "answer": "answer 1", "is_correct": true, "task": 42}}, {"model": "core.answerforstudent", "pk": 156, "fields": {"owner": null, "created": "2019-03-20T23:58:32.867Z", "updated": "2019-03-20T23:58:32.867Z", "answer": "answer 2", "is_correct": false, "task": 42}}, {"model": "core.answerforstudent", "pk": 157, "fields": {"owner": null, "created": "2019-03-20T23:58:32.878Z", "updated": "2019-03-20T23:58:32.878Z", "answer": "answer 3", "is_correct": false, "task": 42}}, {"model": "core.answerforstudent", "pk": 158, "fields": {"owner": null, "created": "2019-03-20T23:58:32.901Z", "updated": "2019-03-20T23:58:32.901Z", "answer": "answer 3", "is_correct": true, "task": 43}}, {"model": "core.answerforstudent", "pk": 159, "fields": {"owner": null, "created": "2019-03-20T23:58:32.911Z", "updated": "2019-03-20T23:58:32.911Z", "answer": "answer 4", "is_correct": false, "task": 43}}, {"model": "core.answerforstudent", "pk": 160, "fields": {"owner": null, "created": "2019-03-20T23:58:32.922Z", "updated": "2019-03-20T23:58:32.922Z", "answer": "answer 5", "is_correct": false, "task": 43}}, {"model": "core.answerforstudent", "pk": 161, "fields": {"owner": null, "created": "2019-03-20T23:58:32.980Z", "updated": "2019-03-20T23:58:32.980Z", "answer": "answer 1", "is_correct": true, "task": 44}}, {"model": "core.answerforstudent", "pk": 162, "fields": {"owner": null, "created": "2019-03-20T23:58:32.989Z", "updated": "2019-03-20T23:58:32.989Z", "answer": "answer 2", "is_correct": false, "task": 44}}, {"model": "core.answerforstudent", "pk": 163, "fields": {"owner": null, "created": "2019-03-20T23:58:33.000Z", "updated": "2019-03-20T23:58:33.000Z", "answer": "answer 3", "is_correct": false, "task": 44}}, {"model": "core.answerforstudent", "pk": 164, "fields": {"owner": null, "created": "2019-03-20T23:58:33.023Z", "updated": "2019-03-20T23:58:33.023Z", "answer": "answer 3", "is_correct": true, "task": 45}}, {"model": "core.answerforstudent", "pk": 165, "fields": {"owner": null, "created": "2019-03-20T23:58:33.033Z", "updated": "2019-03-20T23:58:33.033Z", "answer": "answer 4", "is_correct": false, "task": 45}}, {"model": "core.answerforstudent", "pk": 166, "fields": {"owner": null, "created": "2019-03-20T23:58:33.044Z", "updated": "2019-03-20T23:58:33.044Z", "answer": "answer 5", "is_correct": false, "task": 45}}, {"model": "core.task", "pk": 13, "fields": {"owner": 1, "created": "2019-03-20T23:35:20.736Z", "updated": "2019-03-20T23:35:20.736Z", "name": "Task 1", "question": "Question 1", "points_to_achieve": 3, "exam_sheet": 5, "is_open_task": false}}, {"model": "core.task", "pk": 14, "fields": {"owner": 1, "created": "2019-03-20T23:35:29.946Z", "updated": "2019-03-20T23:35:29.946Z", "name": "Task 2", "question": "Question 2", "points_to_achieve": 3, "exam_sheet": 5, "is_open_task": false}}, {"model": "core.task", "pk": 15, "fields": {"owner": 1, "created": "2019-03-20T23:36:03.358Z", "updated": "2019-03-20T23:36:03.358Z", "name": "Open task 1", "question": "Question 3", "points_to_achieve": 5, "exam_sheet": 5, "is_open_task": true}}, {"model": "core.task", "pk": 16, "fields": {"owner": 1, "created": "2019-03-20T23:36:16.268Z", "updated": "2019-03-20T23:36:16.268Z", "name": "Open task 2", "question": "Question 4", "points_to_achieve": 5, "exam_sheet": 5, "is_open_task": true}}, {"model": "core.task", "pk": 17, "fields": {"owner": 1, "created": "2019-03-20T23:55:32.637Z", "updated": "2019-03-20T23:55:32.637Z", "name": "Task 1", "question": "Question2 exam 2", "points_to_achieve": 2, "exam_sheet": 6, "is_open_task": false}}, {"model": "core.task", "pk": 18, "fields": {"owner": 1, "created": "2019-03-20T23:55:37.153Z", "updated": "2019-03-20T23:55:37.153Z", "name": "Task 1", "question": "Question1 exam 2", "points_to_achieve": 2, "exam_sheet": 6, "is_open_task": false}}, {"model": "core.task", "pk": 19, "fields": {"owner": 1, "created": "2019-03-20T23:55:51.393Z", "updated": "2019-03-20T23:55:51.393Z", "name": "Open Task 1", "question": "Question1 exam 2", "points_to_achieve": 10, "exam_sheet": 6, "is_open_task": true}}, {"model": "core.task", "pk": 20, "fields": {"owner": 1, "created": "2019-03-20T23:55:59.780Z", "updated": "2019-03-20T23:55:59.780Z", "name": "Open Task 2", "question": "Question1 exam 2", "points_to_achieve": 8, "exam_sheet": 6, "is_open_task": true}}, {"model": "core.taskforstudent", "pk": 38, "fields": {"owner": null, "created": "2019-03-20T23:39:26.147Z", "updated": "2019-03-20T23:43:59.182Z", "name": "Task 1", "question": "Question 1", "points_to_achieve": 3, "exam_sheet_student": 13, "students_answer": 139}}, {"model": "core.taskforstudent", "pk": 39, "fields": {"owner": null, "created": "2019-03-20T23:39:26.212Z", "updated": "2019-03-20T23:44:14.638Z", "name": "Task 2", "question": "Question 2", "points_to_achieve": 3, "exam_sheet_student": 13, "students_answer": 143}}, {"model": "core.taskforstudent", "pk": 40, "fields": {"owner": null, "created": "2019-03-20T23:39:26.312Z", "updated": "2019-03-20T23:39:26.312Z", "name": "Task 1", "question": "Question 1", "points_to_achieve": 3, "exam_sheet_student": 14, "students_answer": null}}, {"model": "core.taskforstudent", "pk": 41, "fields": {"owner": null, "created": "2019-03-20T23:39:26.368Z", "updated": "2019-03-20T23:39:26.368Z", "name": "Task 2", "question": "Question 2", "points_to_achieve": 3, "exam_sheet_student": 14, "students_answer": null}}, {"model": "core.taskforstudent", "pk": 42, "fields": {"owner": null, "created": "2019-03-20T23:58:32.846Z", "updated": "2019-03-20T23:58:32.846Z", "name": "Task 1", "question": "Question2 exam 2", "points_to_achieve": 2, "exam_sheet_student": 15, "students_answer": null}}, {"model": "core.taskforstudent", "pk": 43, "fields": {"owner": null, "created": "2019-03-20T23:58:32.889Z", "updated": "2019-03-21T00:00:00.047Z", "name": "Task 1", "question": "Question1 exam 2", "points_to_achieve": 2, "exam_sheet_student": 15, "students_answer": 160}}, {"model": "core.taskforstudent", "pk": 44, "fields": {"owner": null, "created": "2019-03-20T23:58:32.967Z", "updated": "2019-03-20T23:58:32.967Z", "name": "Task 1", "question": "Question2 exam 2", "points_to_achieve": 2, "exam_sheet_student": 16, "students_answer": null}}, {"model": "core.taskforstudent", "pk": 45, "fields": {"owner": null, "created": "2019-03-20T23:58:33.011Z", "updated": "2019-03-20T23:58:33.011Z", "name": "Task 1", "question": "Question1 exam 2", "points_to_achieve": 2, "exam_sheet_student": 16, "students_answer": null}}, {"model": "core.opentaskforstudent", "pk": 11, "fields": {"owner": 1, "created": "2019-03-20T23:39:26.268Z", "updated": "2019-03-20T23:44:35.435Z", "name": "Open task 1", "question": "Question 3", "points_to_achieve": 5, "exam_sheet_student": 13, "students_answer": "my_answer"}}, {"model": "core.opentaskforstudent", "pk": 12, "fields": {"owner": 1, "created": "2019-03-20T23:39:26.290Z", "updated": "2019-03-20T23:44:26.270Z", "name": "Open task 2", "question": "Question 4", "points_to_achieve": 5, "exam_sheet_student": 13, "students_answer": "my answer"}}, {"model": "core.opentaskforstudent", "pk": 13, "fields": {"owner": 1, "created": "2019-03-20T23:39:26.423Z", "updated": "2019-03-20T23:39:26.423Z", "name": "Open task 1", "question": "Question 3", "points_to_achieve": 5, "exam_sheet_student": 14, "students_answer": null}}, {"model": "core.opentaskforstudent", "pk": 14, "fields": {"owner": 1, "created": "2019-03-20T23:39:26.434Z", "updated": "2019-03-20T23:39:26.434Z", "name": "Open task 2", "question": "Question 4", "points_to_achieve": 5, "exam_sheet_student": 14, "students_answer": null}}, {"model": "core.opentaskforstudent", "pk": 15, "fields": {"owner": 1, "created": "2019-03-20T23:58:32.936Z", "updated": "2019-03-21T00:00:20.320Z", "name": "Open Task 1", "question": "Question1 exam 2", "points_to_achieve": 10, "exam_sheet_student": 15, "students_answer": "answer"}}, {"model": "core.opentaskforstudent", "pk": 16, "fields": {"owner": 1, "created": "2019-03-20T23:58:32.947Z", "updated": "2019-03-21T00:00:12.689Z", "name": "Open Task 2", "question": "Question1 exam 2", "points_to_achieve": 8, "exam_sheet_student": 15, "students_answer": "answer"}}, {"model": "core.opentaskforstudent", "pk": 17, "fields": {"owner": 1, "created": "2019-03-20T23:58:33.055Z", "updated": "2019-03-20T23:58:33.055Z", "name": "Open Task 1", "question": "Question1 exam 2", "points_to_achieve": 10, "exam_sheet_student": 16, "students_answer": null}}, {"model": "core.opentaskforstudent", "pk": 18, "fields": {"owner": 1, "created": "2019-03-20T23:58:33.066Z", "updated": "2019-03-20T23:58:33.066Z", "name": "Open Task 2", "question": "Question1 exam 2", "points_to_achieve": 8, "exam_sheet_student": 16, "students_answer": null}}, {"model": "core.examsheetevaluation", "pk": 5, "fields": {"owner": 1, "created": "2019-03-20T23:44:51.185Z", "updated": "2019-03-21T00:02:32.986Z", "student": 1, "points_to_get": 16, "points_earned": 16, "grade": 7, "comment": "", "is_finished": true}}, {"model": "core.examsheetevaluation", "pk": 6, "fields": {"owner": 1, "created": "2019-03-21T00:00:28.830Z", "updated": "2019-03-21T00:02:16.355Z", "student": 1, "points_to_get": 22, "points_earned": 0, "grade": 5, "comment": "", "is_finished": true}}, {"model": "core.tasktoevaluate", "pk": 5, "fields": {"owner": 1, "created": "2019-03-20T23:44:51.234Z", "updated": "2019-03-20T23:51:58.668Z", "name": "my_name2", "question": "Question 4", "students_answer": "my answer", "points_to_achieve": 5, "points_earned": 5, "exam": 5}}, {"model": "core.tasktoevaluate", "pk": 6, "fields": {"owner": 1, "created": "2019-03-20T23:44:51.300Z", "updated": "2019-03-20T23:51:50.599Z", "name": "my name", "question": "Question 3", "students_answer": "my_answer", "points_to_achieve": 5, "points_earned": 5, "exam": 5}}, {"model": "core.tasktoevaluate", "pk": 7, "fields": {"owner": 1, "created": "2019-03-21T00:00:28.839Z", "updated": "2019-03-21T00:02:00.364Z", "name": "Open Task 2", "question": "Question1 exam 2", "students_answer": "answer", "points_to_achieve": 8, "points_earned": 6, "exam": 6}}, {"model": "core.tasktoevaluate", "pk": 8, "fields": {"owner": 1, "created": "2019-03-21T00:00:28.849Z", "updated": "2019-03-21T00:01:52.071Z", "name": "Open Task 1", "question": "Question1 exam 2", "students_answer": "answer", "points_to_achieve": 10, "points_earned": 8, "exam": 6}}, {"model": "core.studentgrade", "pk": 5, "fields": {"owner": 1, "created": "2019-03-21T00:02:16.386Z", "updated": "2019-03-21T00:02:16.387Z", "student": 1, "grade": 5.0, "exam": 6}}, {"model": "core.studentgrade", "pk": 6, "fields": {"owner": 1, "created": "2019-03-21T00:02:33.023Z", "updated": "2019-03-21T00:02:33.023Z", "student": 1, "grade": 7.0, "exam": 5}}, {"model": "contenttypes.contenttype", "pk": 1, "fields": {"app_label": "core", "model": "user"}}, {"model": "contenttypes.contenttype", "pk": 2, "fields": {"app_label": "core", "model": "answer"}}, {"model": "contenttypes.contenttype", "pk": 3, "fields": {"app_label": "core", "model": "answerforstudent"}}, {"model": "contenttypes.contenttype", "pk": 4, "fields": {"app_label": "core", "model": "examsheet"}}, {"model": "contenttypes.contenttype", "pk": 5, "fields": {"app_label": "core", "model": "examsheetforstudent"}}, {"model": "contenttypes.contenttype", "pk": 6, "fields": {"app_label": "core", "model": "task"}}, {"model": "contenttypes.contenttype", "pk": 7, "fields": {"app_label": "core", "model": "taskforstudent"}}, {"model": "contenttypes.contenttype", "pk": 8, "fields": {"app_label": "admin", "model": "logentry"}}, {"model": "contenttypes.contenttype", "pk": 9, "fields": {"app_label": "auth", "model": "permission"}}, {"model": "contenttypes.contenttype", "pk": 10, "fields": {"app_label": "auth", "model": "group"}}, {"model": "contenttypes.contenttype", "pk": 11, "fields": {"app_label": "contenttypes", "model": "contenttype"}}, {"model": "contenttypes.contenttype", "pk": 12, "fields": {"app_label": "sessions", "model": "session"}}, {"model": "contenttypes.contenttype", "pk": 13, "fields": {"app_label": "authtoken", "model": "token"}}, {"model": "contenttypes.contenttype", "pk": 14, "fields": {"app_label": "core", "model": "examsheetevaluation"}}, {"model": "contenttypes.contenttype", "pk": 15, "fields": {"app_label": "core", "model": "studentgrade"}}, {"model": "contenttypes.contenttype", "pk": 16, "fields": {"app_label": "core", "model": "tasktoevaluate"}}, {"model": "contenttypes.contenttype", "pk": 17, "fields": {"app_label": "core", "model": "opentaskforstudent"}}, {"model": "sessions.session", "pk": "q2x1ccfgehwsytfc6gdumj727tvq3ald", "fields": {"session_data": "ZTA5ODUxNDcyOWQ4NDg5ZWVjNmI4NmUzMDFlMTMzNDM0ZThhODI1Mzp7Il9hdXRoX3VzZXJfaWQiOiIxIiwiX2F1dGhfdXNlcl9iYWNrZW5kIjoiZGphbmdvLmNvbnRyaWIuYXV0aC5iYWNrZW5kcy5Nb2RlbEJhY2tlbmQiLCJfYXV0aF91c2VyX2hhc2giOiI0MDdhMjc1ZjZlMWIwN2Q2MWI4MzJmN2FjODZlNGE2ZTlkNmFlZTk2In0=", "expire_date": "2019-04-02T13:40:26.724Z"}}, {"model": "authtoken.token", "pk": "4bde9f4b22241647628a778935e60de5bcf29aeb", "fields": {"user": 1, "created": "2019-03-18T15:25:08.626Z"}}, {"model": "authtoken.token", "pk": "64fd008ce827b8c341b6958020c10a554e1aaa6b", "fields": {"user": 3, "created": "2019-03-19T15:12:20.972Z"}}, {"model": "authtoken.token", "pk": "802b5a63cf7c07c2b86e12971ef4c6ade47f73a5", "fields": {"user": 2, "created": "2019-03-18T21:26:32.679Z"}}, {"model": "admin.logentry", "pk": 1, "fields": {"action_time": "2019-03-18T20:22:42.888Z", "user": 1, "content_type": 6, "object_id": "3", "object_repr": "task3", "action_flag": 2, "change_message": "[{\"changed\": {\"fields\": [\"owner\"]}}]"}}, {"model": "admin.logentry", "pk": 2, "fields": {"action_time": "2019-03-18T20:22:52.163Z", "user": 1, "content_type": 6, "object_id": "2", "object_repr": "task2", "action_flag": 2, "change_message": "[{\"changed\": {\"fields\": [\"owner\"]}}]"}}, {"model": "admin.logentry", "pk": 3, "fields": {"action_time": "2019-03-18T20:22:56.638Z", "user": 1, "content_type": 6, "object_id": "1", "object_repr": "task1", "action_flag": 2, "change_message": "[{\"changed\": {\"fields\": [\"owner\"]}}]"}}, {"model": "admin.logentry", "pk": 4, "fields": {"action_time": "2019-03-18T20:23:11.011Z", "user": 1, "content_type": 2, "object_id": "12", "object_repr": "answer4", "action_flag": 2, "change_message": "[{\"changed\": {\"fields\": [\"owner\"]}}]"}}, {"model": "admin.logentry", "pk": 5, "fields": {"action_time": "2019-03-18T20:23:22.326Z", "user": 1, "content_type": 2, "object_id": "11", "object_repr": "answer3", "action_flag": 2, "change_message": "[{\"changed\": {\"fields\": [\"owner\"]}}]"}}, {"model": "admin.logentry", "pk": 6, "fields": {"action_time": "2019-03-18T20:23:29.007Z", "user": 1, "content_type": 2, "object_id": "10", "object_repr": "answer2", "action_flag": 2, "change_message": "[{\"changed\": {\"fields\": [\"owner\"]}}]"}}, {"model": "admin.logentry", "pk": 7, "fields": {"action_time": "2019-03-18T20:23:33.510Z", "user": 1, "content_type": 2, "object_id": "9", "object_repr": "answer1", "action_flag": 2, "change_message": "[{\"changed\": {\"fields\": [\"owner\"]}}]"}}, {"model": "admin.logentry", "pk": 8, "fields": {"action_time": "2019-03-18T20:23:38.121Z", "user": 1, "content_type": 2, "object_id": "8", "object_repr": "answer4", "action_flag": 2, "change_message": "[{\"changed\": {\"fields\": [\"owner\"]}}]"}}, {"model": "admin.logentry", "pk": 9, "fields": {"action_time": "2019-03-18T20:23:42.769Z", "user": 1, "content_type": 2, "object_id": "7", "object_repr": "answer3", "action_flag": 2, "change_message": "[{\"changed\": {\"fields\": [\"owner\"]}}]"}}, {"model": "admin.logentry", "pk": 10, "fields": {"action_time": "2019-03-18T20:23:46.621Z", "user": 1, "content_type": 2, "object_id": "6", "object_repr": "answer2", "action_flag": 2, "change_message": "[{\"changed\": {\"fields\": [\"owner\"]}}]"}}, {"model": "admin.logentry", "pk": 11, "fields": {"action_time": "2019-03-18T20:23:50.429Z", "user": 1, "content_type": 2, "object_id": "5", "object_repr": "answer1", "action_flag": 2, "change_message": "[{\"changed\": {\"fields\": [\"owner\"]}}]"}}, {"model": "admin.logentry", "pk": 12, "fields": {"action_time": "2019-03-18T20:23:54.160Z", "user": 1, "content_type": 2, "object_id": "4", "object_repr": "answer4", "action_flag": 2, "change_message": "[{\"changed\": {\"fields\": [\"owner\"]}}]"}}, {"model": "admin.logentry", "pk": 13, "fields": {"action_time": "2019-03-18T20:23:59.381Z", "user": 1, "content_type": 2, "object_id": "3", "object_repr": "answer3", "action_flag": 2, "change_message": "[{\"changed\": {\"fields\": [\"owner\"]}}]"}}, {"model": "admin.logentry", "pk": 14, "fields": {"action_time": "2019-03-18T20:24:04.067Z", "user": 1, "content_type": 2, "object_id": "2", "object_repr": "answer2", "action_flag": 2, "change_message": "[{\"changed\": {\"fields\": [\"owner\"]}}]"}}, {"model": "admin.logentry", "pk": 15, "fields": {"action_time": "2019-03-18T20:24:08.774Z", "user": 1, "content_type": 2, "object_id": "1", "object_repr": "answer1", "action_flag": 2, "change_message": "[{\"changed\": {\"fields\": [\"owner\"]}}]"}}, {"model": "admin.logentry", "pk": 16, "fields": {"action_time": "2019-03-19T13:42:25.460Z", "user": 1, "content_type": 1, "object_id": "1", "object_repr": "adam@adam.pl", "action_flag": 2, "change_message": "[{\"changed\": {\"fields\": [\"name\", \"is_teacher\"]}}]"}}, {"model": "admin.logentry", "pk": 17, "fields": {"action_time": "2019-03-19T15:12:58.996Z", "user": 1, "content_type": 1, "object_id": "3", "object_repr": "user2@user.pl", "action_flag": 2, "change_message": "[{\"changed\": {\"fields\": [\"name\", \"is_teacher\"]}}]"}}, {"model": "admin.logentry", "pk": 18, "fields": {"action_time": "2019-03-20T14:55:27.511Z", "user": 1, "content_type": 1, "object_id": "3", "object_repr": "user2@user.pl", "action_flag": 2, "change_message": "[{\"changed\": {\"fields\": [\"is_teacher\"]}}]"}}, {"model": "admin.logentry", "pk": 19, "fields": {"action_time": "2019-03-20T14:58:03.458Z", "user": 1, "content_type": 1, "object_id": "3", "object_repr": "user2@user.pl", "action_flag": 2, "change_message": "[{\"changed\": {\"fields\": [\"is_teacher\"]}}]"}}, {"model": "admin.logentry", "pk": 20, "fields": {"action_time": "2019-03-20T23:33:33.646Z", "user": 1, "content_type": 4, "object_id": "4", "object_repr": "exam4", "action_flag": 3, "change_message": ""}}, {"model": "admin.logentry", "pk": 21, "fields": {"action_time": "2019-03-20T23:33:33.738Z", "user": 1, "content_type": 4, "object_id": "3", "object_repr": "test", "action_flag": 3, "change_message": ""}}, {"model": "admin.logentry", "pk": 22, "fields": {"action_time": "2019-03-20T23:33:33.749Z", "user": 1, "content_type": 4, "object_id": "2", "object_repr": "exam2", "action_flag": 3, "change_message": ""}}, {"model": "admin.logentry", "pk": 23, "fields": {"action_time": "2019-03-20T23:33:33.771Z", "user": 1, "content_type": 4, "object_id": "1", "object_repr": "Test open task", "action_flag": 3, "change_message": ""}}, {"model": "admin.logentry", "pk": 24, "fields": {"action_time": "2019-03-20T23:34:33.100Z", "user": 1, "content_type": 4, "object_id": "5", "object_repr": "Exam 1", "action_flag": 1, "change_message": "[{\"added\": {}}]"}}, {"model": "admin.logentry", "pk": 25, "fields": {"action_time": "2019-03-20T23:38:20.357Z", "user": 1, "content_type": 2, "object_id": "40", "object_repr": "Answer 6", "action_flag": 2, "change_message": "[{\"changed\": {\"fields\": [\"is_correct\"]}}]"}}, {"model": "admin.logentry", "pk": 26, "fields": {"action_time": "2019-03-20T23:38:24.797Z", "user": 1, "content_type": 2, "object_id": "41", "object_repr": "Answer 7", "action_flag": 2, "change_message": "[{\"changed\": {\"fields\": [\"is_correct\"]}}]"}}, {"model": "admin.logentry", "pk": 27, "fields": {"action_time": "2019-03-20T23:38:29.412Z", "user": 1, "content_type": 2, "object_id": "42", "object_repr": "Answer 8", "action_flag": 2, "change_message": "[{\"changed\": {\"fields\": [\"is_correct\"]}}]"}}, {"model": "admin.logentry", "pk": 28, "fields": {"action_time": "2019-03-20T23:46:45.420Z", "user": 1, "content_type": 14, "object_id": "4", "object_repr": "Exam evaluation - adam@adam.pl", "action_flag": 3, "change_message": ""}}, {"model": "admin.logentry", "pk": 29, "fields": {"action_time": "2019-03-20T23:46:45.453Z", "user": 1, "content_type": 14, "object_id": "3", "object_repr": "Exam evaluation - adam@adam.pl", "action_flag": 3, "change_message": ""}}, {"model": "admin.logentry", "pk": 30, "fields": {"action_time": "2019-03-20T23:46:45.463Z", "user": 1, "content_type": 14, "object_id": "2", "object_repr": "Exam evaluation - adam@adam.pl", "action_flag": 3, "change_message": ""}}, {"model": "admin.logentry", "pk": 31, "fields": {"action_time": "2019-03-20T23:46:45.474Z", "user": 1, "content_type": 14, "object_id": "1", "object_repr": "Exam evaluation - adam@adam.pl", "action_flag": 3, "change_message": ""}}, {"model": "admin.logentry", "pk": 32, "fields": {"action_time": "2019-03-20T23:51:50.602Z", "user": 1, "content_type": 16, "object_id": "6", "object_repr": "my_answer", "action_flag": 2, "change_message": "[{\"changed\": {\"fields\": [\"name\"]}}]"}}, {"model": "admin.logentry", "pk": 33, "fields": {"action_time": "2019-03-20T23:51:58.672Z", "user": 1, "content_type": 16, "object_id": "5", "object_repr": "my answer", "action_flag": 2, "change_message": "[{\"changed\": {\"fields\": [\"name\"]}}]"}}]